{
  "statistics": {
    "ssim_frame_0_mean": 0.008226188152329306,
    "ssim_frame_0_std": 0.0020957586911952175,
    "ssim_frame_1_mean": 0.010496482588947576,
    "ssim_frame_1_std": 0.0020466484174507535,
    "ssim_frame_2_mean": 0.010674575129833335,
    "ssim_frame_2_std": 0.0004564294069833441,
    "lpips_frame_0_mean": 0.9687324166297913,
    "lpips_frame_0_std": 0.0012603402137756348,
    "lpips_frame_1_mean": 0.9714515507221222,
    "lpips_frame_1_std": 0.0012029707431793213,
    "lpips_frame_2_mean": 0.9688318967819214,
    "lpips_frame_2_std": 0.0032733678817749023,
    "t_lpips_mean": 0.4887405257759383,
    "t_lpips_std": 0.00023517712543252856,
    "t_of_mean": 47.30014426838811,
    "t_of_std": 0.0560935054773104,
    "ssim_overall_mean": 0.00979908195703674,
    "lpips_overall_mean": 0.9696719547112782
  },
  "per_sample_results": [
    {
      "ssim": [
        0.006130429461134088,
        0.008449834171496822,
        0.010218145722849991
      ],
      "lpips": [
        0.9699927568435669,
        0.9726545214653015,
        0.9655585289001465
      ],
      "t_lpips": [
        0.981550931930542,
        0.0008536111563444138,
        0.001382457441650331,
        0.9702343940734863
      ],
      "t_of": [
        96.06317814293166,
        0.4848363328116849,
        0.5408548513302034,
        92.33608176838811
      ],
      "sample_name": "sample_0000"
    },
    {
      "ssim": [
        0.010321946843524523,
        0.012543131006398329,
        0.01113100453681668
      ],
      "lpips": [
        0.9674720764160156,
        0.9702485799789429,
        0.9721052646636963
      ],
      "t_lpips": [
        0.9732707738876343,
        0.002780348062515259,
        0.0038631227798759937,
        0.9759885668754578
      ],
      "t_of": [
        94.12785602503912,
        0.7730242566510173,
        0.9815988523735003,
        93.09372391757955
      ],
      "sample_name": "sample_0001"
    }
  ]
}